{"metadata":{"asset_id":"845a5855-1599-465d-9e6e-28d7f3383d27","asset_attributes":["notebook"],"name":"NR-Part2","asset_type":"notebook","created_at":"2020-12-07T23:49:26Z","description":"NR-Part2","origin_country":"us","owner_id":"IBMid-550008XU36","project_id":"7206fd07-68d7-460a-8aad-113867269fe9","size":207,"tags":["notebook"],"usage":{"last_update_time":1607385698028,"last_updated_at":"2020-12-08T00:01:38Z"}},"entity":{"notebook":{"kernel":{"name":"python3","display_name":"Python 3.7","language":"python"},"originates_from":{"type":"blank"},"runtime":{"environment":"conda2py37-7206fd07-68d7-460a-8aad-113867269fe9"}}},"attachments":[{"id":"ec643ddf-62ce-4148-847c-caeeb545cc1a","version":2,"asset_type":"notebook","name":"attachment for notebook 845a5855-1599-465d-9e6e-28d7f3383d27","description":"attachment for notebook 845a5855-1599-465d-9e6e-28d7f3383d27","mime":"application/json","datasource_type":"193a97c1-4475-4a19-b90c-295c4fdc6517","object_key":"notebook/NR-Part2_tqsN3qiBe.ipynb","creator_id":"IBMid-550008XU36","create_time":1607384967911,"size":207,"is_remote":false,"is_managed":false,"is_referenced":true,"is_object_key_read_only":false,"is_user_provided_path_key":true,"transfer_complete":true,"is_partitioned":false,"complete_time_ticks":1607384967911,"user_data":{},"test_doc":0,"handle":{"bucket":"segmentingandclusteringneighborho-donotdelete-pr-m0a6j5yxkbdxbo","location":"us-geo","key":"notebook/NR-Part2_tqsN3qiBe.ipynb","upload_id":"done","max_part_num":1},"usage":{"access_count":0,"last_accessor_id":"IBMid-550008XU36","last_access_time":1607384967911}}]}
